feature,importance
A.K.L,0.020756472
P.I.S,0.016479691
AWML,0.015026156
GQVTH,0.014555792
GQNSF,0.013752327
WDFSG,0.013726177
DV.A,0.010545486
K.TQR,0.009723591
AKTF,0.009101623
FLSSD,0.009054921
SAAPY,0.0088123325
KRELG,0.008561031
VLQGI,0.008140376
L.DCF,0.007821164
ARQDG,0.0077303764
V.DID,0.0076949294
RY.DQ,0.007668131
SQGEW,0.0076447944
KN.TP,0.007341263
H.FM,0.0071228305
GATNI,0.0070960457
TSH.I,0.0070645823
KNIA,0.0067577786
AEM.N,0.006678507
EKAGR,0.0064657447
DGWL,0.006412684
RQHYG,0.00631119
TSEKK,0.0062832395
LLFSG,0.006144617
RHRRG,0.005958146
TPQ.M,0.005918098
LGQFE,0.0058963094
IVV.A,0.0058659976
GGGNM,0.005839904
N.DLV,0.0057757376
QGEWD,0.005509306
PSTM,0.005476043
IE.VQ,0.005400908
LNS.C,0.0053257416
WAPGY,0.0053106504
AGNVL,0.005271691
P.CGK,0.0052444926
YQL.A,0.005241843
EGRPQ,0.005160946
RKQI,0.0050726654
ALRRS,0.005067705
GADSQ,0.0050575845
IRITG,0.005057284
GRNWG,0.0050454484
GGNIG,0.005008907
