{
  "model": "XGBoost",
  "roc_auc": 0.7508196721311475,
  "pr_auc": 0.5440707852939934,
  "accuracy": 0.6978021978021978,
  "balanced_accuracy": 0.6433060109289618,
  "precision": 0.5471698113207547,
  "recall": 0.48333333333333334,
  "f1_score": 0.5132743362831859,
  "confusion_matrix": [
    [
      98,
      24
    ],
    [
      31,
      29
    ]
  ],
  "n_features": 200
}