{
  "logistic_regression": {
    "cv_auc_mean": 0.9994140625,
    "cv_auc_std": 0.001171875,
    "test_auc": 1.0,
    "test_accuracy": 0.95,
    "classification_report": {
      "0": {
        "precision": 0.9090909090909091,
        "recall": 1.0,
        "f1-score": 0.9523809523809523,
        "support": 40.0
      },
      "1": {
        "precision": 1.0,
        "recall": 0.9,
        "f1-score": 0.9473684210526315,
        "support": 40.0
      },
      "accuracy": 0.95,
      "macro avg": {
        "precision": 0.9545454545454546,
        "recall": 0.95,
        "f1-score": 0.949874686716792,
        "support": 80.0
      },
      "weighted avg": {
        "precision": 0.9545454545454545,
        "recall": 0.95,
        "f1-score": 0.949874686716792,
        "support": 80.0
      }
    }
  },
  "random_forest": {
    "cv_auc_mean": 0.99228515625,
    "cv_auc_std": 0.006976785585738964,
    "test_auc": 0.9915625,
    "test_accuracy": 0.85,
    "classification_report": {
      "0": {
        "precision": 0.7692307692307693,
        "recall": 1.0,
        "f1-score": 0.8695652173913043,
        "support": 40.0
      },
      "1": {
        "precision": 1.0,
        "recall": 0.7,
        "f1-score": 0.8235294117647058,
        "support": 40.0
      },
      "accuracy": 0.85,
      "macro avg": {
        "precision": 0.8846153846153846,
        "recall": 0.85,
        "f1-score": 0.8465473145780051,
        "support": 80.0
      },
      "weighted avg": {
        "precision": 0.8846153846153847,
        "recall": 0.85,
        "f1-score": 0.846547314578005,
        "support": 80.0
      }
    }
  },
  "xgboost": {
    "cv_auc_mean": 0.8318359375,
    "cv_auc_std": 0.04096979396255227,
    "test_auc": 0.9025,
    "test_accuracy": 0.725,
    "classification_report": {
      "0": {
        "precision": 0.65,
        "recall": 0.975,
        "f1-score": 0.78,
        "support": 40.0
      },
      "1": {
        "precision": 0.95,
        "recall": 0.475,
        "f1-score": 0.6333333333333333,
        "support": 40.0
      },
      "accuracy": 0.725,
      "macro avg": {
        "precision": 0.8,
        "recall": 0.725,
        "f1-score": 0.7066666666666667,
        "support": 80.0
      },
      "weighted avg": {
        "precision": 0.8,
        "recall": 0.725,
        "f1-score": 0.7066666666666667,
        "support": 80.0
      }
    }
  },
  "metadata": {
    "num_sarscov2_cdr3s": 4891,
    "num_repertoires": 400,
    "num_positive": 200,
    "num_negative": 200,
    "train_size": 320,
    "test_size": 80,
    "total_sarscov2_occurrences": 6864
  }
}