cdr3,importance,total_occurrences
CSARTPTGDGYTF,0.008591188196702926,11
CASSLENTQYF,0.008182515574965837,10
CASSIGQPNYGYTF,0.007136098440428332,10
CSATGQGYEQYF,0.0068137381846431165,8
CASRDGLNYGYTF,0.006708586169511251,12
CAWSPAYEQYF,0.006110727133025017,12
CASSRRKRYGYTF,0.005703455373379073,8
CASSLGFDGYTF,0.005365467873597302,8
CASSPINNEQFF,0.0052256423376825815,11
CASSTGVNEQFF,0.00507762922535345,23
CSARDLGRGPDTQYF,0.005047904338442763,9
CASSWRDEQFF,0.004880858261194265,13
CASSLTSLGQPQHF,0.004868399911241154,13
CAISDLDRGHEQYF,0.00485800838751947,10
CASSPVPGNTIYF,0.004786289431197088,17
CASSYSGEWETQYF,0.004757314428980728,5
CASSQDFLAETQYF,0.004660618450726682,12
CATSGTGTDTQYF,0.0046164204165007215,7
CASSPQGYSNQPQHF,0.004569136993561185,8
CSADWGGQETQYF,0.004534837487805866,7
