cdr3,importance,total_occurrences
CASSLSELAKNIQYF,0.019614532088709242,55
CASSIAGPNEQFF,0.018137320541287652,40
CSARDLGGHHQPQHF,0.01649895276274318,64
CASSLTSGGAGDTQYF,0.016200922891234263,49
CSVEARAYEQYF,0.016110367291386395,50
CASSPPDRDTGELFF,0.014181315119842608,44
CASSYSPDQPQHF,0.0110009435874589,45
CASSLLVGAQPQHF,0.010922533004555908,54
CASSTSGYEQYF,0.010730880260463151,56
CASSYGRETQYF,0.010400611196977976,59
CSAPSGSTDTQYF,0.010047149146906843,83
CASSLVARAYEQYF,0.009842502717302734,36
CASSAGTEAFF,0.009115775061958415,93
CASSSLADTQYF,0.008771934950106298,50
CASSSGLRENTGELFF,0.008746854496971433,45
CASSFDTYEQYF,0.008430230800646832,34
CASSLRTGTDTQYF,0.008340688165705675,59
CSAREQGSYEQYF,0.008100897876588001,61
CASSYLPGSNTGELFF,0.008071982305114463,40
CASSSDNGYTF,0.007651336730069385,27
